id;name;description;completed;start_date;due_date;date_created;last_modified_date
1;Unit Ball Dynamic;../fake-data/blob/hipster.txt;false;2022-02-15T19:32:35;2022-02-15T12:01:56;2022-02-15T13:44:41;2022-02-16T05:24:21
2;back-end Cambridgeshire Romania;../fake-data/blob/hipster.txt;false;2022-02-16T01:13:26;2022-02-16T00:25:05;2022-02-15T21:13:03;2022-02-16T08:26:00
3;connect Oregon;../fake-data/blob/hipster.txt;false;2022-02-15T17:45:43;2022-02-16T04:39:29;2022-02-16T01:33:23;2022-02-15T18:13:21
4;Account;../fake-data/blob/hipster.txt;false;2022-02-16T08:37:37;2022-02-15T18:30:47;2022-02-15T14:49:09;2022-02-16T05:48:54
5;holistic Shoes Nevada;../fake-data/blob/hipster.txt;false;2022-02-16T08:30:13;2022-02-15T15:49:25;2022-02-15T10:51:22;2022-02-15T20:57:36
6;lavender;../fake-data/blob/hipster.txt;false;2022-02-15T20:43:00;2022-02-15T20:09:40;2022-02-15T18:19:24;2022-02-15T19:11:41
7;overriding Investor bus;../fake-data/blob/hipster.txt;false;2022-02-15T20:34:14;2022-02-16T04:25:53;2022-02-15T11:12:14;2022-02-15T20:15:22
8;Pound;../fake-data/blob/hipster.txt;false;2022-02-15T22:54:59;2022-02-16T06:35:41;2022-02-15T19:53:43;2022-02-16T08:58:11
9;Gorgeous Soap;../fake-data/blob/hipster.txt;false;2022-02-15T14:29:50;2022-02-16T00:43:21;2022-02-15T11:19:25;2022-02-15T09:48:41
10;alarm Direct;../fake-data/blob/hipster.txt;true;2022-02-16T07:41:09;2022-02-15T19:26:09;2022-02-16T08:06:33;2022-02-15T10:17:29
