id;name;description;explanation;start_date;due_date;date_created;last_modified_date
1;Cambridgeshire payment Baby;../fake-data/blob/hipster.txt;../fake-data/blob/hipster.txt;2022-02-15T15:30:59;2022-02-15T23:02:10;2022-02-16T02:44:44;2022-02-16T03:44:30
2;Future;../fake-data/blob/hipster.txt;../fake-data/blob/hipster.txt;2022-02-16T01:20:26;2022-02-16T01:49:12;2022-02-16T04:59:13;2022-02-15T13:21:59
3;THX Iceland;../fake-data/blob/hipster.txt;../fake-data/blob/hipster.txt;2022-02-16T06:38:59;2022-02-16T07:52:06;2022-02-15T22:11:00;2022-02-15T16:53:07
4;Credit Bahamas Group;../fake-data/blob/hipster.txt;../fake-data/blob/hipster.txt;2022-02-16T01:17:23;2022-02-16T02:30:41;2022-02-15T20:12:58;2022-02-15T10:58:15
5;grow;../fake-data/blob/hipster.txt;../fake-data/blob/hipster.txt;2022-02-15T20:12:38;2022-02-15T14:01:25;2022-02-15T17:40:21;2022-02-16T00:39:56
6;Suriname interface;../fake-data/blob/hipster.txt;../fake-data/blob/hipster.txt;2022-02-15T18:41:02;2022-02-15T18:13:29;2022-02-15T10:19:34;2022-02-15T21:41:41
7;Brook Movies;../fake-data/blob/hipster.txt;../fake-data/blob/hipster.txt;2022-02-16T04:48:51;2022-02-16T04:10:39;2022-02-16T00:36:12;2022-02-15T12:32:43
8;Home;../fake-data/blob/hipster.txt;../fake-data/blob/hipster.txt;2022-02-16T00:08:43;2022-02-15T10:07:55;2022-02-15T10:28:27;2022-02-15T12:12:36
9;Shoes bleeding-edge;../fake-data/blob/hipster.txt;../fake-data/blob/hipster.txt;2022-02-15T10:58:51;2022-02-15T17:51:07;2022-02-15T15:45:42;2022-02-15T17:26:56
10;digital Administrator indexing;../fake-data/blob/hipster.txt;../fake-data/blob/hipster.txt;2022-02-16T09:14:01;2022-02-15T21:10:36;2022-02-15T12:19:35;2022-02-15T12:24:49
