id;title;first_name;last_name;id_number;address;phone;email;date_created;last_modified_date
1;Bedfordshire Money;Immanuel;Lind;Reverse-engineered;multi-tasking Legacy;851-952-8906;Jameson.Raynor@gmail.com;2022-02-15T09:39:32;2022-02-16T09:19:21
2;cross-platform Direct Buckinghamshire;Breanna;Huel;Virginia Chief;access;(920) 705-2916 x6979;Troy.OConner64@hotmail.com;2022-02-16T01:30:24;2022-02-16T05:31:52
3;interfaces Computer;Monte;DuBuque;connecting Synchronised Bedfordshire;white Business-focused;1-896-912-9601;Alta.Balistreri45@hotmail.com;2022-02-15T22:11:06;2022-02-15T11:37:32
4;invoice Mill Optimization;Cydney;Trantow;Somalia;Qatar;271.980.6376;Rosina5@hotmail.com;2022-02-15T17:22:50;2022-02-15T20:14:28
5;SAS Realigned bus;Ladarius;Koepp;South XML;RSS Corporate;1-616-456-0178 x228;Georgette.Schuppe@hotmail.com;2022-02-16T03:21:59;2022-02-15T11:35:54
6;Ergonomic relationships withdrawal;Jennie;Schultz;backing Representative;West installation recontextualize;(740) 559-7117 x1802;Maggie_Luettgen@yahoo.com;2022-02-16T08:50:43;2022-02-16T01:13:32
7;quantifying hack Ergonomic;Kiana;Schmitt;Senior West bypassing;Music Coordinator;1-872-917-6535 x956;Earline_Jones@yahoo.com;2022-02-15T19:36:57;2022-02-16T07:16:43
8;Gloves;Mossie;Halvorson;neural holistic;protocol Viaduct Samoa;(236) 778-2051;Kendrick75@hotmail.com;2022-02-16T07:50:55;2022-02-15T17:13:51
9;superstructure;Linnea;Dicki;interactive SSL Cotton;Tasty;684.247.1960;Toney71@yahoo.com;2022-02-16T06:49:15;2022-02-16T06:44:11
10;yellow Fantastic New;Shayne;Herzog;Indiana overriding Ball;and Games;301.971.8488;Luigi87@hotmail.com;2022-02-15T21:30:53;2022-02-15T21:39:01
