id;name;address;phone;email;date_created;last_modified_date
1;platforms deposit;monitoring Loan;(865) 474-2279 x875;Aaron94@yahoo.com;2022-02-15T09:43:04;2022-02-15T19:01:28
2;Frozen;Sleek;660-346-4814 x5219;Oscar.Tremblay@yahoo.com;2022-02-15T23:23:18;2022-02-16T02:55:05
3;invoice;Massachusetts;479-256-4645 x8161;Carmen.Rosenbaum@hotmail.com;2022-02-15T23:41:11;2022-02-16T03:49:28
4;TCP Books;bandwidth-monitored parse redefine;1-347-432-1652 x83370;Linwood_Crist@hotmail.com;2022-02-15T19:10:51;2022-02-15T13:54:09
5;back multi-byte alarm;mission-critical;(810) 468-9909;Sabina57@gmail.com;2022-02-16T08:31:15;2022-02-16T07:41:52
6;transform synthesizing;Credit;(504) 997-8423;Felicia25@hotmail.com;2022-02-16T01:18:34;2022-02-15T14:18:04
7;users;Compatible;219-534-4322 x5645;Garrick.Stroman@yahoo.com;2022-02-15T22:23:57;2022-02-15T11:12:48
8;Kroon;port;1-374-287-4737 x0688;Dennis.Hodkiewicz78@yahoo.com;2022-02-16T01:19:11;2022-02-15T22:36:39
9;Skyway Rubber Configuration;SDD Manors;1-816-793-6668 x74022;Sigmund_Rosenbaum@hotmail.com;2022-02-15T15:08:10;2022-02-16T01:04:33
10;Global Creative Venezuela;Technician;459-652-4142 x320;Evelyn_Smith@hotmail.com;2022-02-16T04:09:51;2022-02-15T18:48:53
