id;first_name;last_name;id_number;address;dob;phone;email;level;date_created;last_modified_date
1;Ricardo;Kutch;indigo;Auto whiteboard PCI;2022-02-16T00:53:53;1-821-519-5272 x48096;Ova.Howell10@hotmail.com;FORM_5;2022-02-15T15:42:46;2022-02-15T21:50:29
2;Candida;Armstrong;Bedfordshire partnerships Planner;Intranet virtual;2022-02-15T15:29:00;1-858-432-3530 x078;Dino_Macejkovic@hotmail.com;FORM_6;2022-02-16T07:35:49;2022-02-15T13:35:51
3;Annetta;Pagac;Beauty Intranet Usability;Electronics virtual;2022-02-15T15:06:52;773.242.8762 x2086;Darian.Treutel71@hotmail.com;FORM_6;2022-02-15T16:41:18;2022-02-16T09:29:55
4;Tanya;Walker;Rubber Pre-emptive online;Streets group deposit;2022-02-15T21:51:53;(311) 393-5449;Jana_Braun25@hotmail.com;GRADE_7;2022-02-15T13:15:00;2022-02-16T01:03:23
5;Madonna;Bogan;Legacy superstructure COM;object-oriented PNG;2022-02-15T20:51:39;247.483.6958 x15928;Marley24@yahoo.com;GRADE_3;2022-02-16T03:24:08;2022-02-16T01:00:40
6;Oren;Rohan;models;enable generate;2022-02-15T23:33:49;(900) 560-2876;Johann63@gmail.com;GRADE_7;2022-02-15T14:15:46;2022-02-15T23:22:35
7;Mike;Schuppe;Direct;Triple-buffered Fiji Road;2022-02-15T21:49:22;1-383-285-3306 x9560;Kendra_Auer@yahoo.com;GRADE_5;2022-02-15T23:06:23;2022-02-15T18:01:03
8;Alaina;Goyette;invoice;Rubber Personal;2022-02-16T07:20:44;(996) 974-5181 x2362;Crawford_Grimes@hotmail.com;GRADE_3;2022-02-15T14:10:43;2022-02-16T06:01:56
9;Dedric;Kunde;out-of-the-box port Washington;Nevada;2022-02-16T08:41:48;1-560-930-6199 x625;Bobbie3@gmail.com;FORM_5;2022-02-16T07:21:19;2022-02-15T17:56:35
10;Pablo;Jerde;input;Automotive;2022-02-16T03:40:22;1-301-704-1045 x058;Marion96@yahoo.com;GRADE_7;2022-02-16T05:35:45;2022-02-15T14:11:17
